Time, Altitude, Velocity, Temperature (F), Voltage
0.00, 2, 0, 86.99, 8.80
0.05, 1, -13, 86.99, 8.80
0.10, 1, -3, 86.99, 8.80
0.15, 1, -4, 86.99, 8.80
0.20, 1, 1, 86.97, 8.80
0.25, 1, 3, 86.99, 8.80
0.30, 2, 3, 86.97, 8.80
0.35, 2, 2, 86.97, 8.80
0.40, 2, 0, 86.99, 8.80
0.45, 2, -0, 86.97, 8.80
0.50, 2, 1, 86.97, 8.80
0.55, 1, 7, 86.99, 8.80
0.60, -1, 16, 86.99, 8.80
0.65, 3, 31, 86.99, 8.80
0.70, 5, 46, 86.97, 8.80
0.75, 9, 63, 86.97, 8.80
0.80, 11, 83, 86.99, 8.80
0.85, 15, 101, 86.97, 8.80
0.90, 27, 120, 86.99, 8.80
0.95, 24, 140, 86.99, 8.80
1.00, 39, 158, 86.97, 8.80
1.05, 53, 179, 86.97, 8.80
1.10, 55, 212, 86.97, 8.80
1.15, 61, 255, 86.97, 8.80
1.20, 76, 310, 86.97, 8.80
1.25, 99, 371, 86.97, 8.80
1.30, 122, 423, 86.97, 8.80
1.35, 152, 458, 86.95, 8.80
1.40, 176, 469, 86.97, 8.80
1.45, 202, 468, 86.95, 8.80
1.50, 219, 466, 86.94, 8.80
1.55, 248, 480, 86.95, 8.80
1.60, 258, 519, 86.94, 8.80
1.65, 275, 574, 86.95, 8.80
1.70, 326, 623, 86.94, 8.80
1.75, 370, 654, 86.94, 8.80
1.80, 408, 654, 86.94, 8.80
1.85, 430, 630, 86.94, 8.80
1.90, 466, 602, 86.92, 8.80
1.95, 480, 590, 86.94, 8.80
2.00, 509, 599, 86.94, 8.80
2.05, 533, 630, 86.92, 8.80
2.10, 590, 675, 86.90, 8.80
2.15, 608, 718, 86.92, 8.80
2.20, 658, 756, 86.92, 8.80
2.25, 677, 780, 86.94, 8.80
2.30, 746, 791, 86.90, 8.80
2.35, 776, 790, 86.90, 8.80
2.40, 819, 782, 86.90, 8.80
2.45, 849, 768, 86.90, 8.80
2.50, 883, 747, 86.88, 8.80
2.55, 927, 711, 86.90, 8.80
2.60, 973, 655, 86.90, 8.80
2.65, 1007, 589, 86.90, 8.80
2.70, 1019, 520, 86.90, 8.80
2.75, 1031, 469, 86.88, 8.80
2.80, 1052, 443, 86.90, 8.80
2.85, 1078, 446, 86.88, 8.80
2.90, 1101, 467, 86.88, 8.80
2.95, 1126, 495, 86.90, 8.80
3.00, 1149, 521, 86.88, 8.80
3.05, 1178, 538, 86.88, 8.80
3.10, 1211, 544, 86.90, 8.80
3.15, 1238, 541, 86.88, 8.80
3.20, 1265, 531, 86.88, 8.80
3.25, 1290, 518, 86.88, 8.80
3.30, 1313, 509, 86.88, 8.80
3.35, 1335, 504, 86.88, 8.80
3.40, 1363, 504, 86.88, 8.80
3.45, 1390, 508, 86.88, 8.80
3.50, 1415, 511, 86.88, 8.80
3.55, 1441, 512, 86.88, 8.80
3.60, 1463, 513, 86.88, 8.80
3.65, 1491, 512, 86.88, 8.80
3.70, 1519, 509, 86.88, 8.80
3.75, 1544, 504, 86.88, 8.80
3.80, 1568, 499, 86.88, 8.80
3.85, 1591, 494, 86.88, 8.80
3.90, 1615, 490, 86.88, 8.80
3.95, 1641, 486, 86.88, 8.80
4.00, 1666, 482, 86.88, 8.80
4.05, 1690, 479, 86.88, 8.80
4.10, 1714, 475, 86.88, 8.80
4.15, 1734, 475, 86.88, 8.80
4.20, 1756, 476, 86.88, 8.80
4.25, 1784, 475, 86.88, 8.80
4.30, 1812, 472, 86.88, 8.80
4.35, 1831, 465, 86.88, 8.80
4.40, 1854, 455, 86.88, 8.80
4.45, 1877, 448, 86.88, 8.80
4.50, 1897, 446, 86.88, 8.80
4.55, 1917, 447, 86.88, 8.80
4.60, 1942, 450, 86.88, 8.80
4.65, 1965, 452, 86.88, 8.80
4.70, 1991, 448, 86.88, 8.80
4.75, 2012, 441, 86.88, 8.80
4.80, 2032, 435, 86.88, 8.80
4.85, 2051, 430, 86.88, 8.80
4.90, 2074, 430, 86.88, 8.80
4.95, 2094, 433, 86.88, 8.80
5.00, 2118, 435, 86.88, 8.80
5.05, 2141, 435, 86.88, 8.80
5.10, 2162, 433, 86.88, 8.80
5.15, 2183, 428, 86.88, 8.80
5.20, 2205, 424, 86.88, 8.80
5.25, 2224, 422, 86.88, 8.80
5.30, 2244, 420, 86.88, 8.80
5.35, 2269, 417, 86.88, 8.80
5.40, 2287, 411, 86.88, 8.80
5.45, 2310, 399, 86.88, 8.80
5.50, 2331, 386, 86.88, 8.80
5.55, 2347, 378, 86.88, 8.80
5.60, 2361, 375, 86.88, 8.80
5.65, 2380, 380, 86.88, 8.80
5.70, 2397, 389, 86.88, 8.80
5.75, 2426, 391, 86.88, 8.80
5.80, 2447, 388, 86.88, 8.80
5.85, 2462, 379, 86.88, 8.80
5.90, 2481, 367, 86.88, 8.80
5.95, 2495, 363, 86.88, 8.80
6.00, 2512, 367, 86.88, 8.80
6.05, 2532, 377, 86.88, 8.80
6.10, 2552, 392, 86.88, 8.80
6.15, 2572, 402, 86.88, 8.80
6.20, 2599, 405, 86.88, 8.80
6.25, 2615, 405, 86.88, 8.80
6.30, 2633, 404, 86.88, 8.80
6.35, 2654, 401, 86.88, 8.80
6.40, 2675, 398, 86.88, 8.80
6.45, 2695, 392, 86.88, 8.80
6.50, 2713, 377, 86.88, 8.80
6.55, 2743, 360, 86.88, 8.80
6.60, 2746, 343, 86.88, 8.80
6.65, 2765, 329, 86.88, 8.80
6.70, 2778, 322, 86.88, 8.80
6.75, 2795, 325, 86.88, 8.80
6.80, 2814, 329, 86.88, 8.80
6.85, 2832, 336, 86.88, 8.80
6.90, 2846, 344, 86.88, 8.80
6.95, 2860, 348, 86.88, 8.80
7.00, 2883, 348, 86.88, 8.80
7.05, 2903, 345, 86.88, 8.80
7.10, 2919, 338, 86.88, 8.80
7.15, 2935, 330, 86.88, 8.80
7.20, 2947, 327, 86.88, 8.80
7.25, 2962, 329, 86.88, 8.80
7.30, 2982, 336, 86.88, 8.80
7.35, 2998, 345, 86.88, 8.80
7.40, 3018, 349, 86.88, 8.80
7.45, 3036, 348, 86.88, 8.80
7.50, 3054, 341, 86.88, 8.80
7.55, 3069, 332, 86.88, 8.80
7.60, 3085, 324, 86.88, 8.80
7.65, 3100, 317, 86.88, 8.80
7.70, 3116, 312, 86.86, 8.80
7.75, 3132, 310, 86.88, 8.80
7.80, 3146, 308, 86.88, 8.80
7.85, 3164, 306, 86.88, 8.80
7.90, 3177, 307, 86.88, 8.80
7.95, 3190, 308, 86.88, 8.80
8.00, 3210, 308, 86.88, 8.80
8.05, 3223, 308, 86.88, 8.80
8.10, 3240, 305, 86.88, 8.80
8.15, 3255, 302, 86.88, 8.80
8.20, 3269, 300, 86.88, 8.80
8.25, 3283, 298, 86.88, 8.80
8.30, 3298, 298, 86.88, 8.80
8.35, 3314, 298, 86.88, 8.80
8.40, 3329, 296, 86.88, 8.80
8.45, 3344, 294, 86.88, 8.80
8.50, 3357, 289, 86.88, 8.80
8.55, 3374, 285, 86.88, 8.80
8.60, 3386, 282, 86.88, 8.80
8.65, 3400, 280, 86.88, 8.80
8.70, 3413, 280, 86.88, 8.80
8.75, 3425, 281, 86.88, 8.80
8.80, 3445, 280, 86.88, 8.80
8.85, 3458, 279, 86.88, 8.80
8.90, 3469, 275, 86.88, 8.80
8.95, 3484, 270, 86.88, 8.80
9.00, 3496, 267, 86.88, 8.80
9.05, 3510, 263, 86.88, 8.80
9.10, 3525, 260, 86.88, 8.80
9.15, 3535, 258, 86.88, 8.80
9.20, 3548, 256, 86.88, 8.80
9.25, 3562, 255, 86.88, 8.80
9.30, 3573, 257, 86.88, 8.80
9.35, 3586, 259, 86.88, 8.80
9.40, 3601, 261, 86.88, 8.80
9.45, 3613, 262, 86.88, 8.80
9.50, 3627, 261, 86.86, 8.80
9.55, 3639, 259, 86.88, 8.80
9.60, 3653, 255, 86.88, 8.80
9.65, 3665, 251, 86.88, 8.80
9.70, 3677, 245, 86.88, 8.80
9.75, 3691, 240, 86.86, 8.80
9.80, 3701, 236, 86.88, 8.80
9.85, 3711, 233, 86.88, 8.80
9.90, 3724, 232, 86.88, 8.80
9.95, 3734, 232, 86.88, 8.80
10.00, 3748, 232, 86.88, 8.80
10.05, 3760, 230, 86.88, 8.80
10.10, 3770, 228, 86.88, 8.80
10.15, 3781, 224, 86.88, 8.80
10.20, 3792, 221, 86.88, 8.80
10.25, 3804, 219, 86.88, 8.80
10.30, 3814, 218, 86.88, 8.80
10.35, 3825, 217, 86.88, 8.80
10.40, 3835, 217, 86.88, 8.80
10.45, 3846, 217, 86.88, 8.80
10.50, 3858, 217, 86.88, 8.80
10.55, 3869, 215, 86.88, 8.80
10.60, 3879, 213, 86.88, 8.80
10.65, 3890, 209, 86.88, 8.80
10.70, 3900, 206, 86.86, 8.80
10.75, 3910, 203, 86.88, 8.80
10.80, 3919, 201, 86.88, 8.80
10.85, 3930, 200, 86.88, 8.80
10.90, 3940, 200, 86.88, 8.80
10.95, 3950, 198, 86.88, 8.80
11.00, 3960, 197, 86.88, 8.80
11.05, 3969, 194, 86.86, 8.80
11.10, 3980, 191, 86.88, 8.80
11.15, 3988, 188, 86.88, 8.80
11.20, 3998, 186, 86.88, 8.80
11.25, 4007, 184, 86.88, 8.80
11.30, 4015, 183, 86.88, 8.80
11.35, 4026, 182, 86.88, 8.80
11.40, 4033, 182, 86.88, 8.80
11.45, 4044, 182, 86.88, 8.80
11.50, 4052, 182, 86.88, 8.80
11.55, 4061, 181, 86.88, 8.80
11.60, 4071, 179, 86.88, 8.80
11.65, 4080, 177, 86.88, 8.80
11.70, 4088, 175, 86.88, 8.80
11.75, 4096, 173, 86.86, 8.80
11.80, 4106, 171, 86.85, 8.80
11.85, 4113, 169, 86.85, 8.80
11.90, 4123, 166, 86.88, 8.80
11.95, 4130, 164, 86.88, 8.80
12.00, 4138, 161, 86.86, 8.80
12.05, 4147, 158, 86.86, 8.80
12.10, 4154, 156, 86.88, 8.80
12.15, 4162, 154, 86.85, 8.80
12.20, 4169, 153, 86.86, 8.80
12.25, 4176, 153, 86.88, 8.80
12.30, 4184, 152, 86.86, 8.80
12.35, 4194, 152, 86.86, 8.80
12.40, 4199, 151, 86.88, 8.80
12.45, 4207, 149, 86.88, 8.80
12.50, 4215, 147, 86.86, 8.80
12.55, 4221, 146, 86.88, 8.80
12.60, 4229, 145, 86.88, 8.80
12.65, 4237, 144, 86.85, 8.80
12.70, 4243, 144, 86.86, 8.80
12.75, 4250, 143, 86.88, 8.80
12.80, 4257, 142, 86.86, 8.80
12.85, 4266, 140, 86.85, 8.80
12.90, 4272, 137, 86.85, 8.80
12.95, 4279, 133, 86.86, 8.80
13.00, 4284, 130, 86.88, 8.80
13.05, 4291, 127, 86.86, 8.80
13.10, 4298, 126, 86.86, 8.80
13.15, 4303, 125, 86.86, 8.80
13.20, 4310, 124, 86.86, 8.80
13.25, 4315, 124, 86.86, 8.80
13.30, 4323, 123, 86.85, 8.80
13.35, 4329, 123, 86.85, 8.80
13.40, 4333, 122, 86.86, 8.80
13.45, 4340, 120, 86.88, 8.80
13.50, 4349, 118, 86.85, 8.80
13.55, 4351, 116, 86.85, 8.80
13.60, 4357, 115, 86.86, 8.80
13.65, 4363, 113, 86.88, 8.80
13.70, 4370, 112, 86.85, 8.80
13.75, 4375, 110, 86.86, 8.80
13.80, 4380, 108, 86.85, 8.80
13.85, 4385, 106, 86.86, 8.80
13.90, 4391, 104, 86.85, 8.80
13.95, 4395, 103, 86.85, 8.80
14.00, 4400, 102, 86.85, 8.80
14.05, 4407, 101, 86.85, 8.80
14.10, 4411, 100, 86.85, 8.80
14.15, 4415, 98, 86.85, 8.80
14.20, 4421, 96, 86.85, 8.80
14.25, 4425, 94, 86.85, 8.80
14.30, 4430, 93, 86.85, 8.80
14.35, 4434, 91, 86.85, 8.80
14.40, 4439, 90, 86.85, 8.80
14.45, 4443, 89, 86.85, 8.80
14.50, 4448, 87, 86.85, 8.80
14.55, 4452, 85, 86.85, 8.80
14.60, 4456, 84, 86.85, 8.80
14.65, 4460, 83, 86.85, 8.80
14.70, 4464, 81, 86.85, 8.80
14.75, 4469, 78, 86.85, 8.80
14.80, 4472, 76, 86.85, 8.80
14.85, 4476, 73, 86.85, 8.80
14.90, 4479, 72, 86.86, 8.80
14.95, 4482, 70, 86.85, 8.80
15.00, 4486, 69, 86.85, 8.80
15.05, 4490, 66, 86.85, 8.80
15.10, 4494, 62, 86.85, 8.80
15.15, 4496, 59, 86.85, 8.80
15.20, 4497, 58, 86.85, 8.80
15.25, 4501, 57, 86.85, 8.80
15.30, 4504, 59, 86.85, 8.80
15.35, 4506, 61, 86.85, 8.80
15.40, 4511, 61, 86.85, 8.80
15.45, 4514, 60, 86.85, 8.80
15.50, 4517, 58, 86.85, 8.80
15.55, 4518, 55, 86.85, 8.80
15.60, 4522, 53, 86.85, 8.80
15.65, 4523, 51, 86.85, 8.80
15.70, 4528, 50, 86.83, 8.80
15.75, 4529, 48, 86.85, 8.80
15.80, 4531, 47, 86.85, 8.80
15.85, 4534, 45, 86.83, 8.80
15.90, 4535, 44, 86.85, 8.80
15.95, 4538, 42, 86.85, 8.80
16.00, 4541, 39, 86.83, 8.80
16.05, 4542, 37, 86.83, 8.80
16.10, 4543, 35, 86.85, 8.80
16.15, 4545, 33, 86.85, 8.80
16.20, 4546, 33, 86.83, 8.80
16.25, 4549, 32, 86.85, 8.80
16.30, 4550, 31, 86.85, 8.80
16.35, 4551, 31, 86.85, 8.80
16.40, 4553, 29, 86.85, 8.80
16.45, 4555, 28, 86.83, 8.80
16.50, 4555, 27, 86.85, 8.80
16.55, 4557, 25, 86.83, 8.80
16.60, 4558, 24, 86.81, 8.80
16.65, 4559, 23, 86.85, 8.80
16.70, 4561, 21, 86.83, 8.80
16.75, 4561, 19, 86.85, 8.80
16.80, 4562, 19, 86.83, 8.80
16.85, 4562, 20, 86.85, 8.80
16.90, 4565, 20, 86.83, 8.80
16.95, 4564, 21, 86.85, 8.80
17.00, 3649, 18, 86.83, 8.80
17.05, 4572, 11, 86.85, 8.80
17.10, 4569, 3, 86.85, 8.80
17.15, 4565, -5, 86.83, 8.80
17.20, 4566, -10, 86.83, 8.80
17.25, 4564, -10, 86.83, 8.80
17.30, 4565, -8, 86.85, 8.80
17.35, 4564, -4, 86.83, 8.80
17.40, 4565, 1, 86.81, 8.80
17.45, 4565, 4, 86.85, 8.80
17.50, 4565, 7, 86.85, 8.80
17.55, 4565, 9, 86.83, 8.80
17.60, 4566, 12, 86.83, 8.80
17.65, 4567, 14, 86.83, 8.80
17.70, 4571, 15, 86.85, 8.80
17.75, 4564, 16, 86.85, 8.80
17.80, 4570, 14, 86.85, 8.80
17.85, 4573, 11, 86.83, 8.80
17.90, 4572, 6, 86.83, 8.80
17.95, 4571, 2, 86.85, 8.80
18.00, 4566, -3, 86.85, 8.80
18.05, 4571, -7, 86.83, 8.80
18.10, 4574, -11, 86.85, 8.80
18.15, 4568, -12, 86.83, 8.80
18.20, 4567, -7, 86.83, 8.80
18.25, 4565, 10, 86.81, 8.80
18.30, 4565, 37, 86.83, 8.80
18.35, 4568, 68, 86.83, 8.80
18.40, 4573, 92, 86.81, 8.80
18.45, 4587, 99, 86.83, 8.80
18.50, 4597, 80, 86.85, 8.80
18.55, 4601, 39, 86.81, 8.80
18.60, 4594, -15, 86.83, 8.80
18.65, 4590, -67, 86.81, 8.80
18.70, 4586, -107, 86.81, 8.80
18.75, 4571, -124, 86.81, 8.80
18.80, 4561, -125, 86.81, 8.80
18.85, 4559, -115, 86.81, 8.80
18.90, 4558, -99, 86.81, 8.80
18.95, 4551, -90, 86.81, 8.80
19.00, 4552, -86, 86.81, 8.80
19.05, 4543, -84, 86.81, 8.80
19.10, 4538, -82, 86.81, 8.80
19.15, 4536, -74, 86.81, 8.80
19.20, 4530, -58, 86.81, 8.80
19.25, 4528, -36, 86.81, 8.80
19.30, 4524, -13, 86.81, 8.80
19.35, 4530, 2, 86.81, 8.80
19.40, 4535, 4, 86.81, 8.80
19.45, 4535, -6, 86.81, 8.80
19.50, 4535, -28, 86.83, 8.80
19.55, 4534, -46, 86.81, 8.80
19.60, 4516, -58, 86.81, 8.80
19.65, 4516, -63, 86.81, 8.80
19.70, 4512, -59, 86.81, 8.80
19.75, 4511, -53, 86.81, 8.80
19.80, 4511, -47, 86.81, 8.80
19.85, 4506, -41, 86.83, 8.80
19.90, 4509, -36, 86.81, 8.80
19.95, 4520, -33, 86.81, 8.80
20.00, 4521, -32, 86.83, 8.80
20.05, 4522, -31, 86.81, 8.80
20.10, 4522, -31, 86.81, 8.80
20.15, 4515, -31, 86.81, 8.80
20.20, 4511, -31, 86.81, 8.80
20.25, 4501, -32, 86.81, 8.80
20.30, 4493, -33, 86.83, 8.80
20.35, 4481, -36, 86.83, 8.80
20.40, 4476, -39, 86.81, 8.80
20.45, 4472, -42, 86.83, 8.80
20.50, 4467, -44, 86.83, 8.80
20.55, 4466, -45, 86.81, 8.80
20.60, 4462, -45, 86.81, 8.80
20.65, 4461, -46, 86.81, 8.80
20.70, 4463, -46, 86.81, 8.80
20.75, 4468, -47, 86.81, 8.80
20.80, 4485, -49, 86.81, 8.80
20.85, 4498, -52, 86.81, 8.80
20.90, 4494, -55, 86.81, 8.80
20.95, 4487, -59, 86.81, 8.80
21.00, 4479, -62, 86.81, 8.80
21.05, 4481, -63, 86.79, 8.80
21.10, 4479, -64, 86.79, 8.80
21.15, 4471, -63, 86.81, 8.80
21.20, 4459, -61, 86.79, 8.80
21.25, 4472, -59, 86.81, 8.80
21.30, 4463, -55, 86.79, 8.80
21.35, 4454, -51, 86.79, 8.80
21.40, 4447, -48, 86.79, 8.80
21.45, 4447, -44, 86.79, 8.80
21.50, 4445, -43, 86.79, 8.80
21.55, 4429, -43, 86.79, 8.80
21.60, 4426, -44, 86.79, 8.80
21.65, 4425, -48, 86.79, 8.80
21.70, 4421, -54, 86.79, 8.80
21.75, 4413, -62, 86.81, 8.80
21.80, 4410, -70, 86.79, 8.80
21.85, 4404, -76, 86.79, 8.80
21.90, 4400, -79, 86.79, 8.80
21.95, 4397, -79, 86.81, 8.80
22.00, 4396, -78, 86.79, 8.80
22.05, 4394, -76, 86.79, 8.80
22.10, 4390, -74, 86.79, 8.80
22.15, 4390, -72, 86.79, 8.80
22.20, 4386, -70, 86.79, 8.80
22.25, 4381, -70, 86.79, 8.80
22.30, 4382, -70, 86.79, 8.80
22.35, 4384, -71, 86.79, 8.80
22.40, 4395, -72, 86.79, 8.80
22.45, 4385, -73, 86.79, 8.80
22.50, 4382, -73, 86.79, 8.80
22.55, 4385, -72, 86.79, 8.80
22.60, 4375, -72, 86.79, 8.80
22.65, 4365, -71, 86.79, 8.80
22.70, 4349, -71, 86.79, 8.80
22.75, 4342, -70, 86.79, 8.80
22.80, 4337, -69, 86.79, 8.80
22.85, 4333, -68, 86.79, 8.80
22.90, 4329, -67, 86.79, 8.80
22.95, 4330, -67, 86.79, 8.80
23.00, 4331, -67, 86.79, 8.80
23.05, 4327, -68, 86.79, 8.80
23.10, 4334, -68, 86.79, 8.80
23.15, 4328, -69, 86.79, 8.80
23.20, 4338, -70, 86.79, 8.80
23.25, 4330, -71, 86.79, 8.80
23.30, 4314, -72, 86.79, 8.80
23.35, 4305, -73, 86.79, 8.80
23.40, 4304, -74, 86.79, 8.80
23.45, 4300, -73, 86.79, 8.80
23.50, 4290, -72, 86.79, 8.80
23.55, 4286, -69, 86.79, 8.80
23.60, 4285, -66, 86.79, 8.80
23.65, 4280, -63, 86.79, 8.80
23.70, 4279, -61, 86.79, 8.80
23.75, 4277, -60, 86.79, 8.80
23.80, 4273, -59, 86.79, 8.80
23.85, 4269, -60, 86.79, 8.80
23.90, 4268, -61, 86.79, 8.80
23.95, 4266, -63, 86.79, 8.80
24.00, 4261, -64, 86.79, 8.80
24.05, 4259, -65, 86.79, 8.80
24.10, 4253, -66, 86.79, 8.80
24.15, 4251, -65, 86.79, 8.80
24.20, 4246, -65, 86.79, 8.80
24.25, 4244, -64, 86.79, 8.80
24.30, 4241, -63, 86.79, 8.80
24.35, 4244, -63, 86.79, 8.80
24.40, 4241, -63, 86.79, 8.80
24.45, 4238, -63, 86.79, 8.80
24.50, 4248, -62, 86.79, 8.80
24.55, 4248, -61, 86.79, 8.80
24.60, 4241, -59, 86.79, 8.80
24.65, 4236, -57, 86.79, 8.80
24.70, 4225, -55, 86.79, 8.80
24.75, 4229, -53, 86.79, 8.80
24.80, 4217, -53, 86.79, 8.80
24.85, 4210, -54, 86.79, 8.80
24.90, 4206, -55, 86.79, 8.80
24.95, 4203, -57, 86.79, 8.80
25.00, 4204, -58, 86.79, 8.80
25.05, 4203, -58, 86.79, 8.80
25.10, 4202, -59, 86.79, 8.80
25.15, 4205, -59, 86.79, 8.80
25.20, 4202, -59, 86.79, 8.80
25.25, 4199, -61, 86.79, 8.80
25.30, 4185, -62, 86.79, 8.80
25.35, 4181, -63, 86.77, 8.80
25.40, 4170, -65, 86.79, 8.80
25.45, 4167, -67, 86.79, 8.80
25.50, 4165, -68, 86.79, 8.80
25.55, 4172, -68, 86.79, 8.80
25.60, 4168, -66, 86.79, 8.80
25.65, 4170, -65, 86.79, 8.80
25.70, 4180, -62, 86.79, 8.80
25.75, 4177, -61, 86.79, 8.80
25.80, 4167, -61, 86.79, 8.80
25.85, 4157, -61, 86.79, 8.80
25.90, 4152, -62, 86.79, 8.80
25.95, 4143, -63, 86.79, 8.80
26.00, 4149, -64, 86.79, 8.80
26.05, 4138, -65, 86.79, 8.80
26.10, 4135, -66, 86.79, 8.80
26.15, 4134, -67, 86.79, 8.80
26.20, 4128, -68, 86.79, 8.80
26.25, 4121, -68, 86.79, 8.80
26.30, 4117, -68, 86.79, 8.80
26.35, 4114, -67, 86.77, 8.80
26.40, 4113, -66, 86.79, 8.80
26.45, 4110, -65, 86.79, 8.80
26.50, 4109, -65, 86.77, 8.80
26.55, 4109, -67, 86.77, 8.80
26.60, 4101, -69, 86.79, 8.80
26.65, 4125, -72, 86.79, 8.80
26.70, 4106, -74, 86.79, 8.80
26.75, 4098, -74, 86.79, 8.80
26.80, 4092, -73, 86.79, 8.80
26.85, 4085, -71, 86.76, 8.80
26.90, 4083, -70, 86.77, 8.80
26.95, 4080, -68, 86.77, 8.80
27.00, 4077, -67, 86.79, 8.80
27.05, 4070, -66, 86.77, 8.80
27.10, 4078, -66, 86.77, 8.80
27.15, 4072, -65, 86.79, 8.80
27.20, 4059, -65, 86.76, 8.80
27.25, 4051, -65, 86.76, 8.80
27.30, 4047, -65, 86.77, 8.80
27.35, 4047, -66, 86.79, 8.80
27.40, 4044, -66, 86.79, 8.80
27.45, 4042, -67, 86.77, 8.80
27.50, 4042, -68, 86.76, 8.80
27.55, 4036, -70, 86.77, 8.80
27.60, 4031, -71, 86.76, 8.80
27.65, 4027, -73, 86.77, 8.80
27.70, 4025, -72, 86.76, 8.80
27.75, 4023, -71, 86.77, 8.80
27.80, 4021, -70, 86.79, 8.80
27.85, 4018, -69, 86.76, 8.80
27.90, 4014, -68, 86.76, 8.80
27.95, 4012, -68, 86.77, 8.80
28.00, 4010, -69, 86.76, 8.80
28.05, 4012, -69, 86.76, 8.80
28.10, 4005, -68, 86.76, 8.80
28.15, 4000, -67, 86.76, 8.80
28.20, 3993, -66, 86.76, 8.80
28.25, 3992, -64, 86.76, 8.80
28.30, 3988, -63, 86.76, 8.80
28.35, 3983, -62, 86.76, 8.80
28.40, 3980, -62, 86.76, 8.80
28.45, 3976, -61, 86.76, 8.80
28.50, 3974, -59, 86.76, 8.80
28.55, 3969, -56, 86.76, 8.80
28.60, 3968, -55, 86.76, 8.80
28.65, 3962, -54, 86.76, 8.80
28.70, 3961, -55, 86.76, 8.80
28.75, 3957, -58, 86.76, 8.80
28.80, 3955, -60, 86.76, 8.80
28.85, 3950, -63, 86.76, 8.80
28.90, 3947, -65, 86.76, 8.80
28.95, 3943, -67, 86.76, 8.80
29.00, 3939, -68, 86.76, 8.80
29.05, 3939, -68, 86.76, 8.80
29.10, 3936, -68, 86.76, 8.80
29.15, 3932, -68, 86.76, 8.80
29.20, 3932, -68, 86.76, 8.80
29.25, 3927, -67, 86.76, 8.80
29.30, 3925, -67, 86.76, 8.80
29.35, 3922, -67, 86.76, 8.80
29.40, 3920, -67, 86.76, 8.80
29.45, 3919, -67, 86.76, 8.80
29.50, 3933, -67, 86.74, 8.80
29.55, 3929, -67, 86.76, 8.80
29.60, 3929, -67, 86.76, 8.80
29.65, 3917, -67, 86.76, 8.80
29.70, 3913, -67, 86.76, 8.80
29.75, 3900, -68, 86.76, 8.80
29.80, 3895, -68, 86.76, 8.80
29.85, 3885, -68, 86.76, 8.80
29.90, 3881, -68, 86.76, 8.80
29.95, 3877, -68, 86.74, 8.80
30.00, 3876, -68, 86.74, 8.80
30.05, 3871, -68, 86.76, 8.80
30.10, 3866, -68, 86.76, 8.80
30.15, 3865, -68, 86.76, 8.80
30.20, 3860, -69, 86.76, 8.80
30.25, 3856, -69, 86.76, 8.80
30.30, 3853, -70, 86.76, 8.80
30.35, 3849, -70, 86.76, 8.80
30.40, 3846, -71, 86.76, 8.80
30.45, 3842, -71, 86.76, 8.80
30.50, 3839, -70, 86.74, 8.80
30.55, 3835, -68, 86.74, 8.80
30.60, 3833, -66, 86.74, 8.80
30.65, 3829, -65, 86.74, 8.80
30.70, 3825, -65, 86.76, 8.80
30.75, 3822, -66, 86.76, 8.80
30.80, 3819, -67, 86.74, 8.80
30.85, 3813, -68, 86.76, 8.80
30.90, 3812, -67, 86.74, 8.80
30.95, 3809, -67, 86.74, 8.80
31.00, 3805, -66, 86.76, 8.80
31.05, 3803, -66, 86.74, 8.80
31.10, 3803, -65, 86.72, 8.80
31.15, 3797, -65, 86.72, 8.80
31.20, 3794, -65, 86.76, 8.80
31.25, 3788, -64, 86.76, 8.80
31.30, 3784, -64, 86.74, 8.80
31.35, 3782, -64, 86.74, 8.80
31.40, 3782, -64, 86.74, 8.80
31.45, 3787, -63, 86.72, 8.80
31.50, 3792, -62, 86.72, 8.80
31.55, 3806, -61, 86.74, 8.80
31.60, 3803, -59, 86.76, 8.80
31.65, 3784, -58, 86.74, 8.80
31.70, 3766, -56, 86.72, 8.80
31.75, 3763, -55, 86.72, 8.80
31.80, 3751, -53, 86.72, 8.80
31.85, 3749, -53, 86.72, 8.80
31.90, 3748, -54, 86.72, 8.80
31.95, 3745, -56, 86.72, 8.80
32.00, 3744, -59, 86.72, 8.80
32.05, 3742, -61, 86.72, 8.80
32.10, 3737, -62, 86.70, 8.80
32.15, 3734, -61, 86.72, 8.80
32.20, 3732, -59, 86.72, 8.80
32.25, 3727, -58, 86.72, 8.80
32.30, 3723, -58, 86.70, 8.80
32.35, 3720, -59, 86.68, 8.80
32.40, 3718, -62, 86.70, 8.80
32.45, 3716, -66, 86.70, 8.80
32.50, 3717, -70, 86.70, 8.80
32.55, 3718, -72, 86.70, 8.80
32.60, 3716, -73, 86.68, 8.80
32.65, 3715, -71, 86.68, 8.80
32.70, 3712, -68, 86.70, 8.80
32.75, 3719, -65, 86.68, 8.80
32.80, 3717, -63, 86.70, 8.80
32.85, 3710, -62, 86.70, 8.80
32.90, 3707, -62, 86.70, 8.80
32.95, 3686, -63, 86.70, 8.80
33.00, 3678, -64, 86.68, 8.80
33.05, 3671, -65, 86.70, 8.80
33.10, 3675, -66, 86.72, 8.80
33.15, 3686, -66, 86.68, 8.80
33.20, 3676, -65, 86.68, 8.80
33.25, 3671, -64, 86.70, 8.80
33.30, 3676, -62, 86.68, 8.80
33.35, 3663, -60, 86.70, 8.80
33.40, 3658, -58, 86.72, 8.80
33.45, 3656, -56, 86.70, 8.80
33.50, 3656, -55, 86.68, 8.80
33.55, 3650, -56, 86.68, 8.80
33.60, 3642, -59, 86.70, 8.80
33.65, 3641, -63, 86.68, 8.80
33.70, 3638, -67, 86.70, 8.80
33.75, 3633, -71, 86.68, 8.80
33.80, 3629, -73, 86.68, 8.80
33.85, 3628, -73, 86.68, 8.80
33.90, 3626, -72, 86.68, 8.80
33.95, 3618, -69, 86.68, 8.80
34.00, 3614, -68, 86.70, 8.80
34.05, 3609, -67, 86.68, 8.80
34.10, 3603, -67, 86.68, 8.80
34.15, 3602, -69, 86.68, 8.80
34.20, 3600, -69, 86.68, 8.80
34.25, 3600, -67, 86.68, 8.80
34.30, 3602, -65, 86.72, 8.80
34.35, 3605, -62, 86.70, 8.80
34.40, 3614, -60, 86.68, 8.80
34.45, 3616, -60, 86.68, 8.80
34.50, 3610, -61, 86.68, 8.80
34.55, 3603, -63, 86.68, 8.80
34.60, 3596, -65, 86.68, 8.80
34.65, 3585, -66, 86.68, 8.80
34.70, 3573, -67, 86.70, 8.80
34.75, 3567, -68, 86.68, 8.80
34.80, 3564, -68, 86.68, 8.80
34.85, 3561, -68, 86.68, 8.80
34.90, 3556, -68, 86.68, 8.80
34.95, 3551, -67, 86.68, 8.80
35.00, 3547, -66, 86.70, 8.80
35.05, 3546, -66, 86.68, 8.80
35.10, 3543, -65, 86.68, 8.80
35.15, 3540, -65, 86.68, 8.80
35.20, 3539, -65, 86.68, 8.80
35.25, 3542, -66, 86.68, 8.80
35.30, 3543, -68, 86.68, 8.80
35.35, 3549, -69, 86.68, 8.80
35.40, 3547, -71, 86.68, 8.80
35.45, 3537, -72, 86.68, 8.80
35.50, 3526, -71, 86.68, 8.80
35.55, 3516, -71, 86.68, 8.80
35.60, 3510, -69, 86.68, 8.80
35.65, 3505, -67, 86.68, 8.80
35.70, 3501, -64, 86.68, 8.80
35.75, 3498, -60, 86.68, 8.80
35.80, 3496, -56, 86.68, 8.80
35.85, 3491, -54, 86.68, 8.80
35.90, 3487, -52, 86.68, 8.80
35.95, 3485, -51, 86.68, 8.80
36.00, 3481, -49, 86.68, 8.80
36.05, 3478, -48, 86.68, 8.80
36.10, 3478, -48, 86.68, 8.80
36.15, 3475, -50, 86.68, 8.80
36.20, 3473, -53, 86.68, 8.80
36.25, 3473, -57, 86.68, 8.80
36.30, 3471, -62, 86.68, 8.80
36.35, 3470, -66, 86.68, 8.80
36.40, 3468, -68, 86.68, 8.80
36.45, 3476, -69, 86.68, 8.80
36.50, 3468, -68, 86.68, 8.80
36.55, 3457, -67, 86.68, 8.80
36.60, 3447, -65, 86.68, 8.80
36.65, 3447, -63, 86.68, 8.80
36.70, 3450, -62, 86.68, 8.80
36.75, 3461, -61, 86.68, 8.80
36.80, 3461, -60, 86.68, 8.80
36.85, 3453, -61, 86.68, 8.80
36.90, 3451, -62, 86.68, 8.80
36.95, 3452, -63, 86.68, 8.80
37.00, 3452, -64, 86.68, 8.80
37.05, 3451, -64, 86.68, 8.80
37.10, 3457, -64, 86.68, 8.80
37.15, 3436, -64, 86.68, 8.80
37.20, 3429, -64, 86.68, 8.80
37.25, 3420, -65, 86.68, 8.80
37.30, 3417, -66, 86.68, 8.80
37.35, 3408, -67, 86.68, 8.80
37.40, 3399, -67, 86.68, 8.80
37.45, 3391, -67, 86.68, 8.80
37.50, 3388, -67, 86.68, 8.80
37.55, 3381, -67, 86.68, 8.80
37.60, 3381, -68, 86.68, 8.80
37.65, 3383, -69, 86.68, 8.80
37.70, 3381, -72, 86.68, 8.80
37.75, 3383, -74, 86.68, 8.80
37.80, 3374, -76, 86.68, 8.80
37.85, 3365, -77, 86.68, 8.80
37.90, 3362, -77, 86.68, 8.80
37.95, 3354, -77, 86.68, 8.80
38.00, 3353, -76, 86.68, 8.80
38.05, 3354, -75, 86.68, 8.80
38.10, 3353, -73, 86.67, 8.80
38.15, 3349, -71, 86.68, 8.80
38.20, 3346, -70, 86.67, 8.80
38.25, 3342, -70, 86.68, 8.80
38.30, 3339, -70, 86.67, 8.80
38.35, 3339, -69, 86.68, 8.80
38.40, 3340, -68, 86.68, 8.80
38.45, 3341, -66, 86.68, 8.80
38.50, 3330, -64, 86.68, 8.80
38.55, 3318, -63, 86.68, 8.80
38.60, 3316, -63, 86.68, 8.80
38.65, 3311, -62, 86.68, 8.80
38.70, 3309, -60, 86.68, 8.80
38.75, 3306, -57, 86.67, 8.80
38.80, 3305, -53, 86.68, 8.80
38.85, 3305, -50, 86.67, 8.80
38.90, 3302, -48, 86.68, 8.80
38.95, 3303, -47, 86.67, 8.80
39.00, 3301, -48, 86.67, 8.80
39.05, 3305, -50, 86.67, 8.80
39.10, 3305, -53, 86.67, 8.80
39.15, 3302, -56, 86.67, 8.80
39.20, 3283, -59, 86.67, 8.80
39.25, 3273, -62, 86.67, 8.80
39.30, 3270, -64, 86.68, 8.80
39.35, 3270, -66, 86.67, 8.80
39.40, 3264, -66, 86.68, 8.80
39.45, 3262, -65, 86.67, 8.80
39.50, 3260, -63, 86.67, 8.80
39.55, 3259, -60, 86.67, 8.80
39.60, 3261, -58, 86.67, 8.80
39.65, 3266, -55, 86.67, 8.80
39.70, 3257, -53, 86.67, 8.80
39.75, 3274, -53, 86.67, 8.80
39.80, 3273, -53, 86.67, 8.80
39.85, 3277, -55, 86.67, 8.80
39.90, 3266, -57, 86.65, 8.80
39.95, 3261, -61, 86.67, 8.80
40.00, 3252, -65, 86.67, 8.80
40.05, 3256, -68, 86.67, 8.80
40.10, 3236, -69, 86.67, 8.80
40.15, 3233, -68, 86.67, 8.80
40.20, 3218, -64, 86.67, 8.80
40.25, 3214, -59, 86.67, 8.80
40.30, 3211, -55, 86.67, 8.80
40.35, 3206, -52, 86.67, 8.80
40.40, 3205, -50, 86.67, 8.80
40.45, 3206, -50, 86.67, 8.80
40.50, 3207, -51, 86.67, 8.80
40.55, 3201, -53, 86.67, 8.80
40.60, 3202, -56, 86.67, 8.80
40.65, 3213, -60, 86.67, 8.80
40.70, 3203, -65, 86.67, 8.80
40.75, 3205, -71, 86.67, 8.80
40.80, 3200, -76, 86.67, 8.80
40.85, 3194, -78, 86.67, 8.80
40.90, 3188, -79, 86.63, 8.80
40.95, 3176, -78, 86.67, 8.80
41.00, 3165, -76, 86.67, 8.80
41.05, 3162, -73, 86.67, 8.80
41.10, 3158, -69, 86.67, 8.80
41.15, 3159, -65, 86.67, 8.80
41.20, 3166, -61, 86.65, 8.80
41.25, 3160, -59, 86.67, 8.80
41.30, 3173, -59, 86.65, 8.80
41.35, 3179, -61, 86.65, 8.80
41.40, 3163, -63, 86.67, 8.80
41.45, 3155, -65, 86.65, 8.80
41.50, 3168, -67, 86.65, 8.80
41.55, 3154, -69, 86.67, 8.80
41.60, 3145, -70, 86.65, 8.80
41.65, 3143, -72, 86.65, 8.80
41.70, 3126, -72, 86.67, 8.80
41.75, 3118, -72, 86.67, 8.80
41.80, 3115, -71, 86.65, 8.80
41.85, 3112, -69, 86.67, 8.80
41.90, 3110, -67, 86.63, 8.80
41.95, 3105, -65, 86.65, 8.80
42.00, 3102, -64, 86.67, 8.80
42.05, 3103, -64, 86.65, 8.80
42.10, 3106, -64, 86.65, 8.80
42.15, 3112, -66, 86.63, 8.80
42.20, 3102, -69, 86.65, 8.80
42.25, 3101, -71, 86.63, 8.80
42.30, 3090, -74, 86.63, 8.80
42.35, 3081, -75, 86.63, 8.80
42.40, 3078, -75, 86.65, 8.80
42.45, 3071, -74, 86.65, 8.80
42.50, 3074, -73, 86.63, 8.80
42.55, 3067, -69, 86.63, 8.80
42.60, 3063, -65, 86.63, 8.80
42.65, 3063, -61, 86.67, 8.80
42.70, 3061, -58, 86.65, 8.80
42.75, 3063, -56, 86.63, 8.80
42.80, 3060, -57, 86.63, 8.80
42.85, 3054, -59, 86.63, 8.80
42.90, 3051, -61, 86.63, 8.80
42.95, 3044, -63, 86.63, 8.80
43.00, 3039, -64, 86.63, 8.80
43.05, 3036, -65, 86.63, 8.80
43.10, 3032, -65, 86.63, 8.80
43.15, 3030, -65, 86.63, 8.80
43.20, 3028, -63, 86.63, 8.80
43.25, 3023, -62, 86.63, 8.80
43.30, 3021, -61, 86.63, 8.80
43.35, 3018, -59, 86.61, 8.80
43.40, 3017, -59, 86.63, 8.80
43.45, 3017, -60, 86.61, 8.80
43.50, 3013, -61, 86.63, 8.80
43.55, 3016, -63, 86.63, 8.80
43.60, 3023, -65, 86.61, 8.80
43.65, 3027, -66, 86.61, 8.80
43.70, 3017, -67, 86.61, 8.80
43.75, 3004, -68, 86.63, 8.80
43.80, 2996, -68, 86.61, 8.80
43.85, 2985, -68, 86.61, 8.80
43.90, 2982, -66, 86.59, 8.80
43.95, 2977, -65, 86.61, 8.80
44.00, 2975, -63, 86.63, 8.80
44.05, 2978, -62, 86.63, 8.80
44.10, 2979, -62, 86.63, 8.80
44.15, 2981, -62, 86.61, 8.80
44.20, 2979, -62, 86.63, 8.80
44.25, 2972, -62, 86.63, 8.80
44.30, 2969, -63, 86.61, 8.80
44.35, 2963, -63, 86.63, 8.80
44.40, 2962, -64, 86.59, 8.80
44.45, 2952, -65, 86.63, 8.80
44.50, 2943, -68, 86.59, 8.80
44.55, 2937, -71, 86.61, 8.80
44.60, 2934, -73, 86.61, 8.80
44.65, 2930, -74, 86.63, 8.80
44.70, 2927, -73, 86.63, 8.80
44.75, 2924, -71, 86.63, 8.80
44.80, 2920, -69, 86.61, 8.80
44.85, 2919, -66, 86.63, 8.80
44.90, 2920, -65, 86.61, 8.80
44.95, 2918, -64, 86.63, 8.80
45.00, 2916, -64, 86.61, 8.80
45.05, 2914, -65, 86.61, 8.80
45.10, 2909, -65, 86.61, 8.80
45.15, 2904, -66, 86.61, 8.80
45.20, 2902, -66, 86.63, 8.80
45.25, 2902, -65, 86.63, 8.80
45.30, 2894, -65, 86.63, 8.80
45.35, 2894, -64, 86.61, 8.80
45.40, 2892, -64, 86.59, 8.80
45.45, 2884, -63, 86.63, 8.80
45.50, 2880, -62, 86.61, 8.80
45.55, 2876, -61, 86.61, 8.80
45.60, 2872, -61, 86.63, 8.80
45.65, 2870, -61, 86.61, 8.80
45.70, 2867, -61, 86.63, 8.80
45.75, 2863, -61, 86.61, 8.80
45.80, 2861, -61, 86.61, 8.80
45.85, 2856, -62, 86.59, 8.80
45.90, 2854, -63, 86.61, 8.80
45.95, 2853, -62, 86.61, 8.80
46.00, 2851, -61, 86.61, 8.80
46.05, 2851, -59, 86.59, 8.80
46.10, 2851, -57, 86.59, 8.80
46.15, 2848, -56, 86.61, 8.80
46.20, 2849, -56, 86.59, 8.80
46.25, 2841, -57, 86.61, 8.80
46.30, 2838, -58, 86.61, 8.80
46.35, 2836, -59, 86.59, 8.80
46.40, 2829, -61, 86.61, 8.80
46.45, 2825, -62, 86.59, 8.80
46.50, 2817, -63, 86.61, 8.80
46.55, 2814, -64, 86.61, 8.80
46.60, 2814, -64, 86.59, 8.80
46.65, 2807, -64, 86.61, 8.80
46.70, 2806, -64, 86.59, 8.80
46.75, 2802, -64, 86.59, 8.80
46.80, 2799, -63, 86.59, 8.80
46.85, 2795, -62, 86.59, 8.80
46.90, 2792, -61, 86.59, 8.80
46.95, 2793, -60, 86.61, 8.80
47.00, 2801, -59, 86.59, 8.80
47.05, 2800, -59, 86.61, 8.80
47.10, 2797, -60, 86.61, 8.80
47.15, 2800, -61, 86.59, 8.80
47.20, 2786, -63, 86.59, 8.80
47.25, 2784, -65, 86.59, 8.80
47.30, 2779, -66, 86.59, 8.80
47.35, 2775, -66, 86.59, 8.80
47.40, 2761, -65, 86.59, 8.80
47.45, 2756, -64, 86.59, 8.80
47.50, 2750, -63, 86.59, 8.80
47.55, 2746, -62, 86.59, 8.80
47.60, 2743, -62, 86.59, 8.80
47.65, 2741, -61, 86.59, 8.80
47.70, 2739, -61, 86.59, 8.80
47.75, 2737, -60, 86.59, 8.80
47.80, 2734, -60, 86.59, 8.80
47.85, 2735, -61, 86.59, 8.80
47.90, 2735, -64, 86.59, 8.80
47.95, 2742, -67, 86.59, 8.80
48.00, 2736, -72, 86.59, 8.80
48.05, 2738, -75, 86.59, 8.80
48.10, 2729, -76, 86.59, 8.80
48.15, 2724, -76, 86.59, 8.80
48.20, 2714, -75, 86.59, 8.80
48.25, 2708, -74, 86.59, 8.80
48.30, 2700, -73, 86.59, 8.80
48.35, 2701, -71, 86.59, 8.80
48.40, 2702, -69, 86.59, 8.80
48.45, 2696, -68, 86.59, 8.80
48.50, 2694, -66, 86.59, 8.80
48.55, 2690, -66, 86.59, 8.80
48.60, 2688, -66, 86.58, 8.80
48.65, 2685, -67, 86.59, 8.80
48.70, 2688, -68, 86.59, 8.80
48.75, 2684, -69, 86.59, 8.80
48.80, 2680, -71, 86.58, 8.80
48.85, 2678, -72, 86.58, 8.80
48.90, 2662, -74, 86.58, 8.80
48.95, 2654, -75, 86.59, 8.80
49.00, 2649, -75, 86.59, 8.80
49.05, 2647, -75, 86.59, 8.80
49.10, 2645, -73, 86.58, 8.80
49.15, 2642, -71, 86.59, 8.80
49.20, 2640, -69, 86.58, 8.80
49.25, 2636, -68, 86.58, 8.80
49.30, 2633, -67, 86.58, 8.80
49.35, 2629, -66, 86.59, 8.80
49.40, 2625, -66, 86.59, 8.80
49.45, 2624, -65, 86.58, 8.80
49.50, 2618, -65, 86.59, 8.80
49.55, 2616, -66, 86.58, 8.80
49.60, 2611, -67, 86.58, 8.80
49.65, 2605, -69, 86.58, 8.80
49.70, 2601, -71, 86.58, 8.80
49.75, 2597, -71, 86.58, 8.80
49.80, 2595, -70, 86.59, 8.80
49.85, 2593, -67, 86.59, 8.80
49.90, 2590, -63, 86.59, 8.80
49.95, 2588, -59, 86.58, 8.80
50.00, 2587, -56, 86.58, 8.80
50.05, 2586, -54, 86.58, 8.80
50.10, 2584, -54, 86.58, 8.80
50.15, 2581, -55, 86.58, 8.80
50.20, 2576, -57, 86.59, 8.80
50.25, 2573, -59, 86.58, 8.80
50.30, 2572, -61, 86.58, 8.80
50.35, 2570, -62, 86.58, 8.80
50.40, 2572, -63, 86.58, 8.80
50.45, 2568, -63, 86.58, 8.80
50.50, 2563, -63, 86.58, 8.80
50.55, 2562, -62, 86.58, 8.80
50.60, 2554, -62, 86.58, 8.80
50.65, 2545, -61, 86.58, 8.80
50.70, 2539, -59, 86.58, 8.80
50.75, 2538, -58, 86.58, 8.80
50.80, 2540, -57, 86.58, 8.80
50.85, 2542, -56, 86.58, 8.80
50.90, 2542, -56, 86.58, 8.80
50.95, 2541, -57, 86.58, 8.80
51.00, 2551, -59, 86.58, 8.80
51.05, 2546, -61, 86.58, 8.80
51.10, 2531, -63, 86.58, 8.80
51.15, 2531, -64, 86.58, 8.80
51.20, 2521, -65, 86.58, 8.80
51.25, 2513, -65, 86.58, 8.80
51.30, 2505, -65, 86.58, 8.80
51.35, 2503, -65, 86.58, 8.80
51.40, 2498, -65, 86.58, 8.80
51.45, 2498, -64, 86.58, 8.80
51.50, 2493, -63, 86.58, 8.80
51.55, 2490, -62, 86.58, 8.80
51.60, 2487, -61, 86.58, 8.80
51.65, 2485, -61, 86.58, 8.80
51.70, 2483, -61, 86.58, 8.80
51.75, 2484, -62, 86.58, 8.80
51.80, 2484, -64, 86.58, 8.80
51.85, 2482, -66, 86.58, 8.80
51.90, 2483, -69, 86.58, 8.80
51.95, 2476, -70, 86.58, 8.80
52.00, 2463, -71, 86.58, 8.80
52.05, 2457, -70, 86.58, 8.80
52.10, 2453, -68, 86.58, 8.80
52.15, 2450, -64, 86.58, 8.80
52.20, 2445, -60, 86.58, 8.80
52.25, 2445, -56, 86.58, 8.80
52.30, 2445, -54, 86.58, 8.80
52.35, 2443, -52, 86.58, 8.80
52.40, 2440, -50, 86.58, 8.80
52.45, 2445, -51, 86.58, 8.80
52.50, 2438, -51, 86.58, 8.80
52.55, 2438, -53, 86.58, 8.80
52.60, 2427, -57, 86.58, 8.80
52.65, 2424, -60, 86.56, 8.80
52.70, 2419, -64, 86.58, 8.80
52.75, 2415, -67, 86.58, 8.80
52.80, 2412, -69, 86.58, 8.80
52.85, 2410, -69, 86.58, 8.80
52.90, 2404, -69, 86.58, 8.80
52.95, 2403, -67, 86.56, 8.80
53.00, 2401, -65, 86.54, 8.80
53.05, 2400, -63, 86.56, 8.80
53.10, 2403, -61, 86.56, 8.80
53.15, 2409, -59, 86.56, 8.80
53.20, 2406, -57, 86.54, 8.80
53.25, 2399, -56, 86.56, 8.80
53.30, 2404, -56, 86.56, 8.80
53.35, 2405, -57, 86.56, 8.80
53.40, 2395, -59, 86.58, 8.80
53.45, 2406, -61, 86.56, 8.80
53.50, 2387, -63, 86.56, 8.80
53.55, 2373, -64, 86.58, 8.80
53.60, 2371, -64, 86.56, 8.80
53.65, 2360, -64, 86.56, 8.80
53.70, 2349, -64, 86.58, 8.80
53.75, 2346, -65, 86.54, 8.80
53.80, 2345, -65, 86.56, 8.80
53.85, 2343, -66, 86.56, 8.80
53.90, 2342, -66, 86.56, 8.80
53.95, 2341, -66, 86.58, 8.80
54.00, 2336, -66, 86.54, 8.80
54.05, 2334, -66, 86.54, 8.80
54.10, 2335, -66, 86.54, 8.80
54.15, 2336, -65, 86.56, 8.80
54.20, 2332, -65, 86.56, 8.80
54.25, 2345, -64, 86.56, 8.80
54.30, 2337, -63, 86.56, 8.80
54.35, 2330, -63, 86.54, 8.80
54.40, 2319, -63, 86.54, 8.80
54.45, 2312, -61, 86.56, 8.80
54.50, 2306, -59, 86.54, 8.80
54.55, 2304, -56, 86.54, 8.80
54.60, 2301, -54, 86.54, 8.80
54.65, 2297, -54, 86.56, 8.80
54.70, 2288, -55, 86.56, 8.80
54.75, 2283, -57, 86.54, 8.80
54.80, 2280, -59, 86.56, 8.80
54.85, 2278, -60, 86.54, 8.80
54.90, 2275, -62, 86.54, 8.80
54.95, 2273, -62, 86.54, 8.80
55.00, 2274, -63, 86.54, 8.80
55.05, 2273, -64, 86.54, 8.80
55.10, 2275, -65, 86.54, 8.80
55.15, 2281, -66, 86.54, 8.80
55.20, 2282, -67, 86.54, 8.80
55.25, 2279, -68, 86.54, 8.80
55.30, 2279, -68, 86.54, 8.80
55.35, 2275, -67, 86.54, 8.80
55.40, 2280, -65, 86.54, 8.80
55.45, 2266, -63, 86.54, 8.80
55.50, 2268, -62, 86.54, 8.80
55.55, 2275, -62, 86.54, 8.80
55.60, 2256, -63, 86.54, 8.80
55.65, 2247, -63, 86.54, 8.80
55.70, 2236, -63, 86.54, 8.80
55.75, 2225, -63, 86.54, 8.80
55.80, 2224, -62, 86.54, 8.80
55.85, 2222, -62, 86.52, 8.80
55.90, 2216, -62, 86.54, 8.80
55.95, 2217, -62, 86.54, 8.80
56.00, 2212, -62, 86.54, 8.80
56.05, 2209, -64, 86.52, 8.80
56.10, 2205, -67, 86.54, 8.80
56.15, 2205, -70, 86.54, 8.80
56.20, 2205, -73, 86.54, 8.80
56.25, 2202, -75, 86.52, 8.80
56.30, 2196, -76, 86.54, 8.80
56.35, 2195, -77, 86.54, 8.80
56.40, 2192, -77, 86.54, 8.80
56.45, 2188, -76, 86.54, 8.80
56.50, 2186, -74, 86.52, 8.80
56.55, 2176, -72, 86.52, 8.80
56.60, 2169, -69, 86.52, 8.80
56.65, 2165, -66, 86.54, 8.80
56.70, 2161, -63, 86.54, 8.80
56.75, 2159, -60, 86.54, 8.80
56.80, 2158, -58, 86.54, 8.80
56.85, 2154, -57, 86.52, 8.80
56.90, 2151, -56, 86.52, 8.80
56.95, 2159, -55, 86.52, 8.80
57.00, 2154, -54, 86.54, 8.80
57.05, 2145, -54, 86.52, 8.80
57.10, 2144, -54, 86.52, 8.80
57.15, 2135, -55, 86.54, 8.80
57.20, 2129, -55, 86.50, 8.80
57.25, 2128, -56, 86.52, 8.80
57.30, 2126, -56, 86.52, 8.80
57.35, 2124, -57, 86.50, 8.80
57.40, 2124, -58, 86.50, 8.80
57.45, 2119, -59, 86.52, 8.80
57.50, 2131, -61, 86.50, 8.80
57.55, 2118, -62, 86.54, 8.80
57.60, 2121, -62, 86.52, 8.80
57.65, 2119, -62, 86.50, 8.80
57.70, 2109, -61, 86.50, 8.80
57.75, 2110, -59, 86.50, 8.80
57.80, 2113, -57, 86.50, 8.80
57.85, 2110, -56, 86.50, 8.80
57.90, 2105, -56, 86.50, 8.80
57.95, 2108, -55, 86.50, 8.80
58.00, 2108, -55, 86.52, 8.80
58.05, 2099, -55, 86.50, 8.80
58.10, 2103, -54, 86.50, 8.80
58.15, 2091, -54, 86.50, 8.80
58.20, 2090, -55, 86.50, 8.80
58.25, 2092, -55, 86.50, 8.80
58.30, 2085, -57, 86.50, 8.80
58.35, 2076, -59, 86.50, 8.80
58.40, 2073, -62, 86.50, 8.80
58.45, 2067, -64, 86.50, 8.80
58.50, 2054, -65, 86.50, 8.80
58.55, 2046, -64, 86.50, 8.80
58.60, 2043, -64, 86.50, 8.80
58.65, 2041, -63, 86.50, 8.80
58.70, 2040, -63, 86.50, 8.80
58.75, 2048, -64, 86.50, 8.80
58.80, 2054, -67, 86.50, 8.80
58.85, 2041, -69, 86.50, 8.80
58.90, 2046, -70, 86.50, 8.80
58.95, 2047, -72, 86.50, 8.80
59.00, 2042, -72, 86.49, 8.80
59.05, 2036, -71, 86.50, 8.80
59.10, 2033, -71, 86.50, 8.80
59.15, 2017, -71, 86.50, 8.80
59.20, 2027, -71, 86.50, 8.80
59.25, 2022, -71, 86.50, 8.80
59.30, 2007, -72, 86.50, 8.80
59.35, 2000, -72, 86.49, 8.80
59.40, 1995, -71, 86.49, 8.80
59.45, 1995, -69, 86.49, 8.80
59.50, 1996, -66, 86.50, 8.80
59.55, 1997, -64, 86.49, 8.80
59.60, 1991, -62, 86.50, 8.80
59.65, 1995, -62, 86.50, 8.80
59.70, 1995, -64, 86.47, 8.80
59.75, 1973, -67, 86.49, 8.80
59.80, 1972, -71, 86.47, 8.80
59.85, 1972, -75, 86.49, 8.80
59.90, 1964, -77, 86.49, 8.80
59.95, 1968, -78, 86.49, 8.80
60.00, 1959, -78, 86.47, 8.80
60.05, 1961, -77, 86.50, 8.80
60.10, 1959, -76, 86.49, 8.80
60.15, 1954, -74, 86.49, 8.80
60.20, 1951, -72, 86.49, 8.80
60.25, 1942, -70, 86.49, 8.80
60.30, 1937, -68, 86.47, 8.80
60.35, 1930, -67, 86.49, 8.80
60.40, 1928, -66, 86.47, 8.80
60.45, 1927, -67, 86.49, 8.80
60.50, 1927, -68, 86.47, 8.80
60.55, 1921, -70, 86.49, 8.80
60.60, 1930, -71, 86.47, 8.80
60.65, 1924, -70, 86.49, 8.80
60.70, 1916, -69, 86.47, 8.80
60.75, 1907, -66, 86.47, 8.80
60.80, 1896, -64, 86.47, 8.80
60.85, 1893, -61, 86.47, 8.80
60.90, 1889, -60, 86.49, 8.80
60.95, 1888, -61, 86.47, 8.80
61.00, 1884, -62, 86.49, 8.80
61.05, 1882, -63, 86.47, 8.80
61.10, 1881, -64, 86.47, 8.80
61.15, 1881, -63, 86.47, 8.80
61.20, 1880, -62, 86.47, 8.80
61.25, 1877, -61, 86.47, 8.80
61.30, 1872, -60, 86.47, 8.80
61.35, 1876, -61, 86.47, 8.80
61.40, 1864, -63, 86.47, 8.80
61.45, 1862, -66, 86.47, 8.80
61.50, 1854, -68, 86.49, 8.80
61.55, 1856, -70, 86.47, 8.80
61.60, 1854, -71, 86.47, 8.80
61.65, 1852, -70, 86.47, 8.80
61.70, 1846, -68, 86.47, 8.80
61.75, 1849, -65, 86.47, 8.80
61.80, 1858, -62, 86.47, 8.80
61.85, 1854, -60, 86.47, 8.80
61.90, 1845, -59, 86.47, 8.80
61.95, 1847, -60, 86.47, 8.80
62.00, 1834, -61, 86.47, 8.80
62.05, 1829, -63, 86.47, 8.80
62.10, 1825, -65, 86.47, 8.80
62.15, 1836, -66, 86.47, 8.80
62.20, 1823, -67, 86.47, 8.80
62.25, 1827, -68, 86.47, 8.80
62.30, 1814, -68, 86.47, 8.80
62.35, 1808, -68, 86.47, 8.80
62.40, 1794, -67, 86.47, 8.80
62.45, 1791, -67, 86.45, 8.80
62.50, 1787, -66, 86.47, 8.80
62.55, 1783, -66, 86.47, 8.80
62.60, 1782, -66, 86.47, 8.80
62.65, 1780, -67, 86.47, 8.80
62.70, 1779, -68, 86.47, 8.80
62.75, 1779, -70, 86.47, 8.80
62.80, 1777, -72, 86.45, 8.80
62.85, 1782, -73, 86.47, 8.80
62.90, 1771, -73, 86.47, 8.80
62.95, 1764, -72, 86.47, 8.80
63.00, 1761, -71, 86.45, 8.80
63.05, 1753, -70, 86.47, 8.80
63.10, 1751, -70, 86.45, 8.80
63.15, 1746, -71, 86.47, 8.80
63.20, 1745, -71, 86.45, 8.80
63.25, 1739, -71, 86.47, 8.80
63.30, 1737, -70, 86.45, 8.80
63.35, 1736, -67, 86.45, 8.80
63.40, 1732, -65, 86.47, 8.80
63.45, 1729, -63, 86.45, 8.80
63.50, 1727, -62, 86.45, 8.80
63.55, 1726, -61, 86.45, 8.80
63.60, 1725, -61, 86.45, 8.80
63.65, 1717, -62, 86.45, 8.80
63.70, 1712, -64, 86.45, 8.80
63.75, 1712, -65, 86.47, 8.80
63.80, 1708, -67, 86.45, 8.80
63.85, 1704, -68, 86.45, 8.80
63.90, 1703, -67, 86.45, 8.80
63.95, 1699, -66, 86.47, 8.80
64.00, 1697, -64, 86.45, 8.80
64.05, 1696, -62, 86.45, 8.80
64.10, 1690, -61, 86.45, 8.80
64.15, 1685, -60, 86.45, 8.80
64.20, 1679, -59, 86.45, 8.80
64.25, 1678, -58, 86.45, 8.80
64.30, 1676, -57, 86.45, 8.80
64.35, 1671, -56, 86.45, 8.80
64.40, 1668, -56, 86.45, 8.80
64.45, 1667, -57, 86.45, 8.80
64.50, 1663, -57, 86.45, 8.80
64.55, 1667, -59, 86.45, 8.80
64.60, 1660, -60, 86.45, 8.80
64.65, 1657, -61, 86.45, 8.80
64.70, 1652, -61, 86.45, 8.80
64.75, 1645, -62, 86.45, 8.80
64.80, 1640, -62, 86.43, 8.80
64.85, 1640, -63, 86.45, 8.80
64.90, 1637, -63, 86.45, 8.80
64.95, 1637, -62, 86.45, 8.80
65.00, 1634, -62, 86.45, 8.80
65.05, 1630, -60, 86.43, 8.80
65.10, 1628, -59, 86.43, 8.80
65.15, 1627, -57, 86.45, 8.80
65.20, 1627, -56, 86.45, 8.80
65.25, 1625, -55, 86.45, 8.80
65.30, 1634, -55, 86.43, 8.80
65.35, 1625, -55, 86.45, 8.80
65.40, 1616, -56, 86.45, 8.80
65.45, 1621, -56, 86.45, 8.80
65.50, 1610, -56, 86.45, 8.80
65.55, 1601, -55, 86.43, 8.80
65.60, 1601, -53, 86.41, 8.80
65.65, 1596, -52, 86.43, 8.80
65.70, 1590, -50, 86.43, 8.80
65.75, 1584, -50, 86.45, 8.80
65.80, 1581, -50, 86.43, 8.80
65.85, 1579, -52, 86.43, 8.80
65.90, 1580, -54, 86.43, 8.80
65.95, 1574, -55, 86.45, 8.80
66.00, 1576, -56, 86.43, 8.80
66.05, 1569, -56, 86.45, 8.80
66.10, 1580, -57, 86.43, 8.80
66.15, 1576, -58, 86.43, 8.80
66.20, 1574, -60, 86.41, 8.80
66.25, 1566, -60, 86.41, 8.80
66.30, 1560, -61, 86.45, 8.80
66.35, 1560, -61, 86.43, 8.80
66.40, 1561, -60, 86.43, 8.80
66.45, 1556, -58, 86.43, 8.80
66.50, 1551, -55, 86.43, 8.80
66.55, 1555, -53, 86.41, 8.80
66.60, 1554, -52, 86.41, 8.80
66.65, 1562, -51, 86.43, 8.80
66.70, 1553, -51, 86.41, 8.80
66.75, 1546, -52, 86.41, 8.80
66.80, 1540, -53, 86.41, 8.80
66.85, 1523, -54, 86.41, 8.80
66.90, 1528, -54, 86.43, 8.80
66.95, 1526, -55, 86.41, 8.80
67.00, 1523, -57, 86.41, 8.80
67.05, 1518, -58, 86.43, 8.80
67.10, 1515, -60, 86.41, 8.80
67.15, 1509, -61, 86.41, 8.80
67.20, 1508, -61, 86.41, 8.80
67.25, 1508, -61, 86.41, 8.80
67.30, 1503, -60, 86.41, 8.80
67.35, 1507, -60, 86.41, 8.80
67.40, 1493, -60, 86.41, 8.80
67.45, 1506, -61, 86.41, 8.80
67.50, 1507, -62, 86.41, 8.80
67.55, 1502, -63, 86.41, 8.80
67.60, 1500, -64, 86.41, 8.80
67.65, 1484, -64, 86.41, 8.80
67.70, 1489, -64, 86.41, 8.80
67.75, 1478, -63, 86.41, 8.80
67.80, 1475, -63, 86.41, 8.80
67.85, 1470, -64, 86.41, 8.80
67.90, 1468, -65, 86.41, 8.80
67.95, 1468, -66, 86.40, 8.80
68.00, 1460, -66, 86.41, 8.80
68.05, 1457, -66, 86.40, 8.80
68.10, 1454, -66, 86.41, 8.80
68.15, 1453, -65, 86.40, 8.80
68.20, 1452, -64, 86.41, 8.80
68.25, 1443, -63, 86.41, 8.80
68.30, 1442, -63, 86.41, 8.80
68.35, 1443, -63, 86.41, 8.80
68.40, 1438, -64, 86.41, 8.80
68.45, 1432, -67, 86.41, 8.80
68.50, 1436, -69, 86.38, 8.80
68.55, 1420, -71, 86.41, 8.80
68.60, 1436, -72, 86.40, 8.80
68.65, 1431, -72, 86.41, 8.80
68.70, 1428, -72, 86.40, 8.80
68.75, 1411, -72, 86.41, 8.80
68.80, 1405, -71, 86.40, 8.80
68.85, 1400, -71, 86.41, 8.80
68.90, 1396, -70, 86.40, 8.80
68.95, 1389, -70, 86.40, 8.80
69.00, 1388, -69, 86.41, 8.80
69.05, 1386, -69, 86.41, 8.80
69.10, 1386, -68, 86.40, 8.80
69.15, 1382, -68, 86.41, 8.80
69.20, 1379, -68, 86.38, 8.80
69.25, 1379, -68, 86.40, 8.80
69.30, 1397, -68, 86.38, 8.80
69.35, 1377, -69, 86.40, 8.80
69.40, 1369, -70, 86.38, 8.80
69.45, 1368, -71, 86.40, 8.80
69.50, 1362, -72, 86.41, 8.80
69.55, 1356, -72, 86.38, 8.80
69.60, 1349, -73, 86.38, 8.80
69.65, 1341, -73, 86.38, 8.80
69.70, 1338, -72, 86.38, 8.80
69.75, 1337, -70, 86.38, 8.80
69.80, 1334, -68, 86.38, 8.80
69.85, 1331, -66, 86.38, 8.80
69.90, 1329, -65, 86.38, 8.80
69.95, 1325, -65, 86.38, 8.80
70.00, 1325, -65, 86.38, 8.80
70.05, 1321, -66, 86.40, 8.80
70.10, 1320, -67, 86.38, 8.80
70.15, 1316, -69, 86.38, 8.80
70.20, 1318, -70, 86.38, 8.80
70.25, 1311, -71, 86.38, 8.80
70.30, 1306, -72, 86.38, 8.80
70.35, 1299, -72, 86.38, 8.80
70.40, 1294, -71, 86.38, 8.80
70.45, 1294, -70, 86.38, 8.80
70.50, 1289, -68, 86.38, 8.80
70.55, 1285, -67, 86.38, 8.80
70.60, 1284, -65, 86.38, 8.80
70.65, 1281, -64, 86.38, 8.80
70.70, 1278, -64, 86.38, 8.80
70.75, 1275, -64, 86.38, 8.80
70.80, 1274, -64, 86.38, 8.80
70.85, 1270, -65, 86.38, 8.80
70.90, 1265, -66, 86.38, 8.80
70.95, 1261, -67, 86.38, 8.80
71.00, 1257, -67, 86.38, 8.80
71.05, 1254, -68, 86.38, 8.80
71.10, 1249, -68, 86.38, 8.80
71.15, 1244, -68, 86.38, 8.80
71.20, 1243, -67, 86.38, 8.80
71.25, 1241, -66, 86.38, 8.80
71.30, 1237, -64, 86.38, 8.80
71.35, 1234, -61, 86.38, 8.80
71.40, 1232, -58, 86.38, 8.80
71.45, 1229, -56, 86.38, 8.80
71.50, 1225, -55, 86.38, 8.80
71.55, 1222, -56, 86.38, 8.80
71.60, 1219, -58, 86.38, 8.80
71.65, 1217, -61, 86.38, 8.80
71.70, 1214, -63, 86.38, 8.80
71.75, 1209, -64, 86.38, 8.80
71.80, 1203, -65, 86.38, 8.80
71.85, 1199, -65, 86.36, 8.80
71.90, 1196, -64, 86.38, 8.80
71.95, 1193, -63, 86.38, 8.80
72.00, 1189, -61, 86.36, 8.80
72.05, 1187, -59, 86.36, 8.80
72.10, 1183, -57, 86.38, 8.80
72.15, 1181, -54, 86.36, 8.80
72.20, 1180, -52, 86.38, 8.80
72.25, 1181, -49, 86.38, 8.80
72.30, 1183, -48, 86.38, 8.80
72.35, 1179, -47, 86.36, 8.80
72.40, 1188, -47, 86.36, 8.80
72.45, 1185, -48, 86.38, 8.80
72.50, 1186, -50, 86.38, 8.80
72.55, 1173, -52, 86.36, 8.80
72.60, 1155, -54, 86.36, 8.80
72.65, 1152, -56, 86.36, 8.80
72.70, 1148, -57, 86.38, 8.80
72.75, 1147, -58, 86.36, 8.80
72.80, 1142, -59, 86.36, 8.80
72.85, 1139, -60, 86.36, 8.80
72.90, 1138, -60, 86.36, 8.80
72.95, 1136, -60, 86.36, 8.80
73.00, 1137, -60, 86.36, 8.80
73.05, 1142, -59, 86.36, 8.80
73.10, 1134, -58, 86.36, 8.80
73.15, 1141, -56, 86.36, 8.80
73.20, 1148, -53, 86.36, 8.80
73.25, 1148, -52, 86.34, 8.80
73.30, 1146, -51, 86.36, 8.80
73.35, 1141, -53, 86.36, 8.80
73.40, 1137, -55, 86.38, 8.80
73.45, 1132, -58, 86.36, 8.80
73.50, 1118, -60, 86.36, 8.80
73.55, 1116, -61, 86.36, 8.80
73.60, 1102, -61, 86.36, 8.80
73.65, 1102, -61, 86.34, 8.80
73.70, 1097, -60, 86.36, 8.80
73.75, 1086, -59, 86.36, 8.80
73.80, 1081, -58, 86.36, 8.80
73.85, 1079, -57, 86.36, 8.80
73.90, 1075, -56, 86.36, 8.80
73.95, 1070, -56, 86.34, 8.80
74.00, 1068, -57, 86.36, 8.80
74.05, 1068, -59, 86.36, 8.80
74.10, 1073, -62, 86.36, 8.80
74.15, 1076, -66, 86.36, 8.80
74.20, 1083, -70, 86.32, 8.80
74.25, 1089, -74, 86.36, 8.80
74.30, 1086, -76, 86.32, 8.80
74.35, 1080, -76, 86.32, 8.80
74.40, 1066, -76, 86.32, 8.80
74.45, 1061, -75, 86.32, 8.80
74.50, 1048, -73, 86.34, 8.80
74.55, 1041, -72, 86.32, 8.80
74.60, 1036, -70, 86.32, 8.80
74.65, 1030, -69, 86.32, 8.80
74.70, 1027, -68, 86.32, 8.80
74.75, 1028, -66, 86.32, 8.80
74.80, 1032, -65, 86.32, 8.80
74.85, 1028, -64, 86.32, 8.80
74.90, 1026, -64, 86.32, 8.80
74.95, 1032, -64, 86.32, 8.80
75.00, 1031, -65, 86.32, 8.80
75.05, 1022, -68, 86.32, 8.80
75.10, 1011, -71, 86.32, 8.80
75.15, 1007, -74, 86.32, 8.80
75.20, 1000, -78, 86.32, 8.80
75.25, 993, -80, 86.32, 8.80
75.30, 991, -80, 86.32, 8.80
75.35, 988, -79, 86.32, 8.80
75.40, 982, -77, 86.32, 8.80
75.45, 977, -74, 86.32, 8.80
75.50, 973, -71, 86.32, 8.80
75.55, 969, -69, 86.32, 8.80
75.60, 966, -67, 86.32, 8.80
75.65, 962, -67, 86.32, 8.80
75.70, 960, -67, 86.31, 8.80
75.75, 956, -68, 86.32, 8.80
75.80, 955, -69, 86.32, 8.80
75.85, 951, -70, 86.32, 8.80
75.90, 946, -71, 86.32, 8.80
75.95, 945, -71, 86.29, 8.80
76.00, 938, -71, 86.32, 8.80
76.05, 936, -70, 86.32, 8.80
76.10, 934, -68, 86.31, 8.80
76.15, 928, -67, 86.32, 8.80
76.20, 926, -65, 86.32, 8.80
76.25, 925, -64, 86.31, 8.80
76.30, 920, -63, 86.32, 8.80
76.35, 917, -61, 86.32, 8.80
76.40, 915, -60, 86.29, 8.80
76.45, 912, -59, 86.31, 8.80
76.50, 909, -59, 86.31, 8.80
76.55, 907, -59, 86.29, 8.80
76.60, 901, -60, 86.32, 8.80
76.65, 898, -60, 86.32, 8.80
76.70, 898, -60, 86.29, 8.80
76.75, 895, -60, 86.29, 8.80
76.80, 893, -60, 86.29, 8.80
76.85, 891, -59, 86.31, 8.80
76.90, 889, -57, 86.31, 8.80
76.95, 888, -54, 86.31, 8.80
77.00, 886, -52, 86.29, 8.80
77.05, 880, -49, 86.29, 8.80
77.10, 875, -47, 86.31, 8.80
77.15, 872, -46, 86.31, 8.80
77.20, 871, -46, 86.29, 8.80
77.25, 868, -47, 86.31, 8.80
77.30, 866, -47, 86.29, 8.80
77.35, 867, -48, 86.29, 8.80
77.40, 863, -50, 86.29, 8.80
77.45, 860, -51, 86.29, 8.80
77.50, 855, -54, 86.31, 8.80
77.55, 849, -56, 86.29, 8.80
77.60, 845, -57, 86.31, 8.80
77.65, 840, -57, 86.29, 8.80
77.70, 839, -57, 86.29, 8.80
77.75, 838, -56, 86.29, 8.80
77.80, 835, -54, 86.29, 8.80
77.85, 834, -54, 86.29, 8.80
77.90, 833, -53, 86.29, 8.80
77.95, 838, -53, 86.29, 8.80
78.00, 850, -53, 86.29, 8.80
78.05, 839, -53, 86.29, 8.80
78.10, 841, -54, 86.29, 8.80
78.15, 846, -54, 86.29, 8.80
78.20, 829, -55, 86.29, 8.80
78.25, 828, -56, 86.29, 8.80
78.30, 819, -57, 86.29, 8.80
78.35, 823, -57, 86.29, 8.80
78.40, 817, -57, 86.29, 8.80
78.45, 805, -56, 86.29, 8.80
78.50, 791, -55, 86.27, 8.80
78.55, 786, -55, 86.29, 8.80
78.60, 788, -56, 86.29, 8.80
78.65, 785, -57, 86.29, 8.80
78.70, 786, -59, 86.29, 8.80
78.75, 784, -61, 86.29, 8.80
78.80, 796, -62, 86.29, 8.80
78.85, 784, -64, 86.29, 8.80
78.90, 783, -65, 86.27, 8.80
78.95, 779, -68, 86.29, 8.80
79.00, 778, -71, 86.29, 8.80
79.05, 769, -72, 86.27, 8.80
79.10, 773, -74, 86.29, 8.80
79.15, 765, -74, 86.29, 8.80
79.20, 756, -73, 86.29, 8.80
79.25, 755, -72, 86.29, 8.80
79.30, 753, -70, 86.27, 8.80
79.35, 749, -68, 86.27, 8.80
79.40, 756, -66, 86.29, 8.80
79.45, 746, -63, 86.27, 8.80
79.50, 741, -61, 86.27, 8.80
79.55, 743, -59, 86.27, 8.80
79.60, 734, -59, 86.27, 8.80
79.65, 718, -61, 86.27, 8.80
79.70, 716, -63, 86.27, 8.80
79.75, 715, -66, 86.27, 8.80
79.80, 712, -68, 86.27, 8.80
79.85, 709, -68, 86.29, 8.80
79.90, 708, -68, 86.27, 8.80
79.95, 705, -67, 86.27, 8.80
80.00, 700, -66, 86.27, 8.80
80.05, 696, -65, 86.27, 8.80
80.10, 693, -64, 86.27, 8.80
80.15, 689, -62, 86.27, 8.80
80.20, 686, -61, 86.27, 8.80
80.25, 685, -60, 86.27, 8.80
80.30, 687, -61, 86.27, 8.80
80.35, 680, -61, 86.27, 8.80
80.40, 684, -63, 86.27, 8.80
80.45, 678, -65, 86.27, 8.80
80.50, 678, -66, 86.27, 8.80
80.55, 675, -66, 86.27, 8.80
80.60, 669, -66, 86.27, 8.80
80.65, 661, -64, 86.27, 8.80
80.70, 660, -63, 86.27, 8.80
80.75, 653, -62, 86.27, 8.80
80.80, 651, -61, 86.27, 8.80
80.85, 648, -60, 86.27, 8.80
80.90, 649, -59, 86.27, 8.80
80.95, 646, -58, 86.27, 8.80
81.00, 647, -58, 86.27, 8.80
81.05, 646, -58, 86.27, 8.80
81.10, 637, -60, 86.27, 8.80
81.15, 643, -61, 86.27, 8.80
81.20, 646, -61, 86.27, 8.80
81.25, 633, -62, 86.27, 8.80
81.30, 632, -62, 86.27, 8.80
81.35, 630, -62, 86.23, 8.80
81.40, 620, -62, 86.27, 8.80
81.45, 615, -62, 86.27, 8.80
81.50, 607, -61, 86.27, 8.80
81.55, 599, -61, 86.27, 8.80
81.60, 598, -60, 86.27, 8.80
81.65, 595, -59, 86.27, 8.80
81.70, 595, -59, 86.23, 8.80
81.75, 592, -58, 86.27, 8.80
81.80, 590, -58, 86.27, 8.80
81.85, 595, -59, 86.25, 8.80
81.90, 591, -59, 86.25, 8.80
81.95, 590, -60, 86.25, 8.80
82.00, 590, -60, 86.27, 8.80
82.05, 572, -61, 86.27, 8.80
82.10, 567, -62, 86.27, 8.80
82.15, 564, -64, 86.27, 8.80
82.20, 567, -65, 86.23, 8.80
82.25, 569, -64, 86.27, 8.80
82.30, 561, -63, 86.27, 8.80
82.35, 554, -61, 86.23, 8.80
82.40, 560, -58, 86.27, 8.80
82.45, 560, -57, 86.25, 8.80
82.50, 557, -56, 86.25, 8.80
82.55, 550, -55, 86.23, 8.80
82.60, 543, -56, 86.25, 8.80
82.65, 547, -56, 86.25, 8.80
82.70, 543, -58, 86.23, 8.80
82.75, 537, -60, 86.25, 8.80
82.80, 535, -63, 86.25, 8.80
82.85, 530, -66, 86.23, 8.80
82.90, 532, -68, 86.23, 8.80
82.95, 526, -68, 86.23, 8.80
83.00, 530, -68, 86.23, 8.80
83.05, 523, -65, 86.23, 8.80
83.10, 518, -64, 86.23, 8.80
83.15, 511, -63, 86.23, 8.80
83.20, 506, -63, 86.23, 8.80
83.25, 504, -63, 86.23, 8.80
83.30, 509, -62, 86.23, 8.80
83.35, 511, -62, 86.23, 8.80
83.40, 505, -62, 86.23, 8.80
83.45, 502, -62, 86.23, 8.80
83.50, 496, -63, 86.23, 8.80
83.55, 482, -64, 86.23, 8.80
83.60, 493, -64, 86.23, 8.80
83.65, 480, -66, 86.23, 8.80
83.70, 477, -67, 86.22, 8.80
83.75, 473, -67, 86.23, 8.80
83.80, 459, -67, 86.23, 8.80
83.85, 455, -66, 86.23, 8.80
83.90, 453, -65, 86.22, 8.80
83.95, 449, -64, 86.23, 8.80
84.00, 449, -63, 86.23, 8.80
84.05, 446, -61, 86.23, 8.80
84.10, 449, -59, 86.22, 8.80
84.15, 443, -59, 86.20, 8.80
84.20, 436, -58, 86.22, 8.80
84.25, 441, -59, 86.22, 8.80
84.30, 443, -61, 86.22, 8.80
84.35, 440, -63, 86.22, 8.80
84.40, 436, -65, 86.22, 8.80
84.45, 431, -66, 86.22, 8.80
84.50, 428, -66, 86.23, 8.80
84.55, 428, -66, 86.20, 8.80
84.60, 411, -66, 86.22, 8.80
84.65, 408, -66, 86.20, 8.80
84.70, 405, -64, 86.22, 8.80
84.75, 405, -62, 86.23, 8.80
84.80, 399, -60, 86.23, 8.80
84.85, 403, -58, 86.20, 8.80
84.90, 404, -57, 86.20, 8.80
84.95, 410, -58, 86.20, 8.80
85.00, 396, -59, 86.20, 8.80
85.05, 407, -61, 86.20, 8.80
85.10, 398, -62, 86.20, 8.80
85.15, 400, -63, 86.20, 8.80
85.20, 386, -63, 86.20, 8.80
85.25, 393, -63, 86.20, 8.80
85.30, 386, -64, 86.20, 8.80
85.35, 378, -65, 86.20, 8.80
85.40, 371, -66, 86.20, 8.80
85.45, 362, -66, 86.20, 8.80
85.50, 362, -65, 86.20, 8.80
85.55, 358, -65, 86.20, 8.80
85.60, 353, -64, 86.18, 8.80
85.65, 347, -64, 86.20, 8.80
85.70, 347, -65, 86.20, 8.80
85.75, 344, -67, 86.20, 8.80
85.80, 350, -69, 86.20, 8.80
85.85, 342, -71, 86.20, 8.80
85.90, 339, -72, 86.20, 8.80
85.95, 337, -73, 86.20, 8.80
86.00, 325, -74, 86.20, 8.80
86.05, 320, -73, 86.18, 8.80
86.10, 320, -72, 86.20, 8.80
86.15, 320, -71, 86.20, 8.80
86.20, 320, -69, 86.18, 8.80
86.25, 314, -68, 86.20, 8.80
86.30, 314, -67, 86.18, 8.80
86.35, 305, -67, 86.20, 8.80
86.40, 302, -67, 86.20, 8.80
86.45, 301, -67, 86.20, 8.80
86.50, 292, -68, 86.18, 8.80
86.55, 295, -69, 86.18, 8.80
86.60, 288, -70, 86.18, 8.80
86.65, 282, -71, 86.18, 8.80
86.70, 272, -72, 86.20, 8.80
86.75, 266, -73, 86.20, 8.80
86.80, 264, -73, 86.18, 8.80
86.85, 261, -73, 86.20, 8.80
86.90, 260, -72, 86.16, 8.80
86.95, 261, -70, 86.20, 8.80
87.00, 254, -67, 86.18, 8.80
87.05, 257, -65, 86.16, 8.80
87.10, 261, -64, 86.16, 8.80
87.15, 258, -65, 86.16, 8.80
87.20, 256, -67, 86.18, 8.80
87.25, 251, -69, 86.18, 8.80
87.30, 256, -72, 86.16, 8.80
87.35, 239, -73, 86.16, 8.80
87.40, 233, -73, 86.16, 8.80
87.45, 232, -73, 86.16, 8.80
87.50, 223, -73, 86.16, 8.80
87.55, 214, -71, 86.16, 8.80
87.60, 210, -68, 86.18, 8.80
87.65, 208, -65, 86.16, 8.80
87.70, 205, -61, 86.16, 8.80
87.75, 202, -58, 86.18, 8.80
87.80, 197, -57, 86.16, 8.80
87.85, 195, -57, 86.16, 8.80
87.90, 193, -58, 86.16, 8.80
87.95, 195, -59, 86.16, 8.80
88.00, 200, -60, 86.16, 8.80
88.05, 202, -63, 86.16, 8.80
88.10, 196, -66, 86.16, 8.80
88.15, 186, -70, 86.16, 8.80
88.20, 182, -73, 86.16, 8.80
88.25, 169, -74, 86.16, 8.80
88.30, 162, -75, 86.16, 8.80
88.35, 158, -74, 86.16, 8.80
88.40, 155, -73, 86.16, 8.80
88.45, 152, -71, 86.16, 8.80
88.50, 152, -69, 86.16, 8.80
88.55, 150, -66, 86.16, 8.80
88.60, 150, -64, 86.16, 8.80
88.65, 157, -61, 86.16, 8.80
88.70, 168, -59, 86.16, 8.80
88.75, 152, -59, 86.16, 8.80
88.80, 148, -60, 86.16, 8.80
88.85, 150, -62, 86.16, 8.80
88.90, 141, -64, 86.16, 8.80
88.95, 145, -66, 86.16, 8.80
89.00, 136, -67, 86.16, 8.80
89.05, 138, -67, 86.16, 8.80
89.10, 116, -65, 86.14, 8.80
89.15, 109, -63, 86.14, 8.80
89.20, 106, -62, 86.16, 8.80
89.25, 100, -61, 86.16, 8.80
89.30, 97, -61, 86.16, 8.80
89.35, 93, -62, 86.16, 8.80
89.40, 88, -63, 86.14, 8.80
89.45, 85, -63, 86.16, 8.80
89.50, 87, -64, 86.16, 8.80
89.55, 87, -64, 86.14, 8.80
89.60, 91, -65, 86.16, 8.80
89.65, 91, -66, 86.16, 8.80
89.70, 91, -66, 86.14, 8.80
89.75, 89, -66, 86.14, 8.80
89.80, 74, -66, 86.14, 8.80
89.85, 64, -67, 86.14, 8.80
89.90, 66, -68, 86.14, 8.80
89.95, 70, -69, 86.14, 8.80
90.00, 63, -69, 86.14, 8.80
90.05, 63, -67, 86.14, 8.80
90.10, 68, -64, 86.14, 8.80
90.15, 66, -60, 86.16, 8.80
90.20, 53, -57, 86.14, 8.80
90.25, 44, -54, 86.14, 8.80
90.30, 35, -52, 86.14, 8.80
90.35, 30, -50, 86.14, 8.80
90.40, 29, -48, 86.14, 8.80
90.45, 27, -47, 86.14, 8.80
90.50, 27, -47, 86.14, 8.80
90.55, 26, -48, 86.14, 8.80
90.60, 28, -48, 86.14, 8.80
90.65, 29, -48, 86.14, 8.80
90.70, 24, -47, 86.14, 8.80
90.75, 31, -45, 86.13, 8.80
90.80, 14, -42, 86.14, 8.80
90.85, 14, -39, 86.13, 8.80
90.90, 7, -38, 86.13, 8.80
90.95, -7, -37, 86.13, 8.80
91.00, -5, -36, 86.13, 8.80
91.05, -4, -36, 86.14, 8.80
91.10, -3, -35, 86.13, 8.80
91.15, -3, -33, 86.14, 8.80
91.20, -4, -30, 86.13, 8.80
91.25, -4, -26, 86.14, 8.80
91.30, -5, -22, 86.14, 8.80
91.35, -4, -20, 86.11, 8.80
91.40, -4, -18, 86.13, 8.80
91.45, -4, -17, 86.11, 8.80
91.50, -4, -17, 86.11, 8.80
91.55, -5, -17, 86.11, 8.80
91.60, -5, -17, 86.11, 8.80
91.65, -6, -16, 86.13, 8.80
91.70, -4, -15, 86.11, 8.80
91.75, -5, -14, 86.11, 8.80
91.80, -5, -11, 86.11, 8.80
91.85, -4, -8, 86.11, 8.80
91.90, -6, -5, 86.11, 8.80
91.95, -6, -3, 86.11, 8.80
92.00, -5, -1, 86.11, 8.80
92.05, -5, -1, 86.11, 8.80
92.10, -6, -1, 86.13, 8.80
92.15, -5, -1, 86.11, 8.80
92.20, -5, -1, 86.11, 8.80
92.25, -5, -1, 86.13, 8.80
92.30, -5, -1, 86.13, 8.80
92.35, -5, -1, 86.11, 8.80
92.40, -6, -1, 86.11, 8.80
92.45, -5, -1, 86.11, 8.80
92.50, -6, -1, 86.11, 8.80
92.55, -6, -1, 86.11, 8.80
92.60, -5, -0, 86.11, 8.80
92.65, -5, -0, 86.11, 8.80
92.70, -4, -0, 86.09, 8.80
92.75, -4, -0, 86.11, 8.80
92.80, -5, -0, 86.11, 8.80
92.85, -4, -0, 86.11, 8.80
92.90, -4, 0, 86.09, 8.80
92.95, -6, -0, 86.11, 8.80
93.00, -4, -0, 86.09, 8.80
93.05, -5, -0, 86.11, 8.80
93.10, -7, 0, 86.11, 8.80
93.15, -5, 0, 86.11, 8.80
93.20, -6, 0, 86.11, 8.80
93.25, -4, 0, 86.11, 8.80
93.30, -7, 0, 86.11, 8.80
93.35, -6, 0, 86.11, 8.80
93.40, -6, 0, 86.09, 8.80
93.45, -7, 0, 86.11, 8.80
93.50, -6, 0, 86.11, 8.80
93.55, -5, 0, 86.09, 8.80
93.60, -4, 0, 86.09, 8.80
93.65, -6, 0, 86.11, 8.80
93.70, -6, -0, 86.11, 8.80
93.75, -5, -0, 86.07, 8.80
93.80, -5, -0, 86.09, 8.80
93.85, -5, -0, 86.09, 8.80
93.90, -5, -0, 86.09, 8.80
93.95, -6, -0, 86.09, 8.80
94.00, -6, -0, 86.07, 8.80
94.05, -6, 0, 86.11, 8.80
94.10, -4, 0, 86.07, 8.80
94.15, -4, 0, 86.07, 8.80
94.20, -4, 0, 86.07, 8.80
94.25, -4, 0, 86.07, 8.80
94.30, -6, 0, 86.07, 8.80
94.35, -6, 0, 86.09, 8.80
94.40, -4, 0, 86.07, 8.80
94.45, -5, 0, 86.07, 8.80
94.50, -5, 0, 86.09, 8.80
94.55, -6, 0, 86.07, 8.80
94.60, -4, -0, 86.07, 8.80
94.65, -4, -0, 86.07, 8.80
94.70, -5, -0, 86.07, 8.80
94.75, -5, -0, 86.07, 8.80
94.80, -4, -0, 86.09, 8.80
94.85, -5, -0, 86.07, 8.80
94.90, -6, -0, 86.09, 8.80
94.95, -6, -1, 86.09, 8.80
95.00, -5, -1, 86.07, 8.80
95.05, -5, -0, 86.07, 8.80
95.10, -5, 0, 86.07, 8.80
95.15, -5, -0, 86.07, 8.80
95.20, -6, 0, 86.07, 8.80
95.25, -5, -1, 86.07, 8.80
95.30, -5, -1, 86.05, 8.80
95.35, -5, -1, 86.09, 8.80
95.40, -6, -1, 86.07, 8.80
95.45, -5, -1, 86.07, 8.80
95.50, -6, -0, 86.07, 8.80
95.55, -5, -0, 86.07, 8.80
95.60, -5, -0, 86.07, 8.80
95.65, -6, -0, 86.05, 8.80
95.70, -6, -0, 86.07, 8.80
95.75, -5, -0, 86.07, 8.80
95.80, -5, -0, 86.07, 8.80
95.85, -5, -0, 86.07, 8.80
95.90, -6, -0, 86.07, 8.80
95.95, -5, -0, 86.05, 8.80
